valence,energy,danceability,tempo,acousticness,loudness,mood
0.5432,0.2692,0.2791,88.0448,0.6549,-15.2439,Calm
0.5126,0.9356,0.6344,143.7432,0.0836,-5.9949,Energetic
0.7079,0.6601,0.8049,133.8695,0.2992,-2.2502,Happy
0.2598,0.3686,0.3555,73.0915,0.6099,-11.1219,Sad
0.7831,0.7523,0.7198,128.5465,0.1295,-2.0146,Happy
0.4616,0.3502,0.5199,80.8221,0.9988,-15.3074,Calm
0.185,0.2737,0.3457,92.78,0.8231,-11.2261,Sad
0.4796,0.2746,0.5707,82.9399,0.8404,-9.9525,Calm
0.45,0.3605,0.4047,67.3733,0.6075,-13.2092,Sad
0.5818,0.8648,0.7789,144.4246,0.0103,-1.2102,Energetic
0.552,0.8375,0.887,155.1074,0.0954,-2.5534,Energetic
0.6021,0.6729,0.6754,147.6996,0.1351,-6.2044,Happy
0.5737,0.6987,0.7696,123.6501,0.0444,-2.5461,Happy
0.428,0.897,0.8997,141.4672,0.0851,-2.9319,Energetic
0.6707,0.8036,0.6951,115.5365,0.2663,-5.2089,Happy
0.661,0.6925,0.7708,119.2962,0.1827,-5.4779,Happy
0.1191,0.4674,0.491,74.2297,0.7543,-7.1125,Sad
0.6021,0.8357,0.9598,137.6338,0.0811,-4.6372,Energetic
0.4838,0.9424,0.7159,119.5247,0.2299,-3.6944,Energetic
0.2739,0.2819,0.3186,58.1377,0.5963,-10.7454,Sad
0.3465,0.281,0.2894,85.4942,0.8301,-5.5048,Sad
0.5502,0.8284,0.6374,138.957,0.0664,-2.8378,Energetic
0.6088,0.9154,0.6902,122.3456,0.0,-5.6032,Energetic
0.266,0.2777,0.2997,50.0,0.7572,-14.8941,Sad
0.7426,0.7714,0.8696,111.9715,0.2475,-5.5047,Happy
0.69,0.7971,0.7224,118.5249,0.242,-5.0741,Happy
0.582,0.9813,0.6533,167.3082,0.1346,-6.706,Energetic
0.3465,0.2844,0.2803,52.0529,0.6176,-12.8924,Sad
0.2789,0.4282,0.4,61.4326,0.4697,-10.6255,Sad
0.0946,0.3207,0.4122,79.0101,0.477,-10.9916,Sad
0.3046,0.1402,0.3486,82.1404,0.3773,-16.731,Sad
0.371,0.7102,0.7041,143.964,0.2363,-2.7013,Energetic
0.7462,0.7417,0.6016,148.1868,0.0544,-1.888,Energetic
0.7284,0.8618,0.8401,129.0055,0.1191,-2.1683,Energetic
0.3293,0.3498,0.3982,85.7443,0.636,-17.3817,Sad
0.317,0.2078,0.4582,78.093,0.9015,-14.9201,Sad
0.2214,0.24,0.4107,74.256,0.8477,-7.8464,Sad
0.7861,0.7225,0.8246,121.9216,0.3091,-3.4115,Happy
0.2577,0.3785,0.467,68.931,0.5805,-14.7122,Sad
0.6534,1.0,0.771,153.0924,0.1425,-1.9638,Energetic
0.5828,0.202,0.3388,94.7094,0.762,-16.8175,Calm
0.7675,0.7058,0.8755,129.5276,0.1991,-1.7506,Happy
0.6078,0.3837,0.3937,70.3214,0.6437,-21.1024,Calm
0.1829,0.2384,0.4987,69.5801,0.5215,-12.4969,Sad
0.447,0.2464,0.5377,115.0,0.7386,-17.9973,Calm
0.1951,0.3173,0.2208,75.5222,0.562,-15.0791,Sad
0.3501,0.174,0.4182,74.1126,0.9102,-13.7814,Sad
0.6075,0.9292,0.8345,109.4982,0.2414,-6.9189,Happy
0.7199,0.6693,0.5497,118.5124,0.0985,-5.9142,Happy
0.8366,0.8642,0.7382,121.8836,0.0703,-2.6762,Happy
0.5809,0.8645,0.8003,121.6952,0.1984,-0.5948,Energetic
0.5848,0.2853,0.4969,94.8436,0.5235,-12.4516,Calm
0.3627,0.1742,0.3538,80.4569,0.6528,-11.4667,Sad
0.6679,0.7414,0.6904,93.9043,0.1027,-6.2156,Happy
0.25,0.1785,0.2359,76.5555,0.7268,-15.3002,Calm
0.3453,0.3673,0.3476,81.7546,0.718,-7.2305,Sad
0.4146,0.1102,0.4264,95.1102,0.4367,-14.0673,Calm
0.4231,0.3049,0.3908,110.7161,0.4975,-14.5053,Calm
0.564,0.2309,0.4231,75.2319,0.678,-19.333,Calm
0.2291,0.3185,0.4953,72.102,0.733,-14.8936,Sad
0.3395,0.3603,0.2352,93.761,0.5793,-12.0009,Sad
0.6786,0.6407,0.9632,109.9256,0.0,-5.5908,Happy
0.8071,0.747,0.6813,117.1398,0.3328,-2.7858,Happy
0.8415,0.7542,0.676,142.551,0.0164,-4.6471,Happy
0.7255,0.6669,0.6373,112.9845,0.1557,-3.3188,Happy
0.5517,0.2272,0.4072,74.1663,0.7781,-15.8925,Calm
0.7115,0.8675,0.8127,125.2808,0.2834,-5.4073,Happy
0.3586,0.2593,0.2254,101.6254,0.721,-15.8649,Sad
0.2655,0.2608,0.4402,55.4343,0.3713,-12.1075,Sad
0.33,0.4739,0.4737,76.6951,0.5885,-12.9811,Sad
0.1581,0.4321,0.3983,95.4493,0.7609,-8.8082,Sad
0.905,0.7274,0.7473,143.6098,0.1663,-5.8073,Happy
0.2904,0.2745,0.5467,70.8669,1.0,-13.8997,Calm
0.8531,0.7181,0.9573,118.7677,0.3228,-5.453,Happy
0.7592,0.939,0.7936,96.2415,0.2192,-6.4692,Happy
0.127,0.2315,0.3974,54.5535,0.6366,-10.6004,Sad
0.7277,0.6444,0.756,125.729,0.2742,-7.3581,Happy
0.6661,0.7181,0.7014,125.1409,0.3673,-3.1728,Happy
0.3979,0.2516,0.6202,83.2761,0.572,-10.1,Calm
0.537,0.8758,0.7005,156.559,0.1583,-1.7725,Energetic
0.3226,0.14,0.4308,102.659,0.7385,-18.0185,Calm
0.7015,0.7299,0.7082,123.0165,0.3528,-3.5811,Happy
0.7931,0.7737,0.5563,164.0651,0.1662,-3.659,Energetic
0.9963,0.8478,0.7399,109.6622,0.2558,-5.1557,Happy
0.2172,0.3693,0.3516,72.7572,0.6843,-15.3347,Sad
0.3513,0.15,0.4552,90.8973,0.9617,-10.1286,Calm
0.4587,0.2788,0.3619,86.5524,0.3674,-18.1162,Calm
0.7777,0.8845,0.7622,134.944,0.3471,-1.7692,Happy
0.5904,0.1608,0.3238,100.6311,0.75,-15.6703,Calm
0.6882,0.8736,0.8058,126.3078,0.0802,-1.9613,Energetic
0.156,0.3498,0.3493,84.0951,0.8785,-17.2429,Sad
0.2786,0.3404,0.3586,80.8065,0.7184,-6.3081,Sad
0.7348,0.6741,0.7584,105.2627,0.0582,-5.6184,Happy
0.4116,0.2643,0.5219,67.2028,0.6711,-8.4284,Sad
0.25,0.2211,0.3139,88.6774,0.7049,-9.9396,Calm
0.7235,0.8522,0.7368,131.0538,0.3461,-2.3802,Energetic
0.356,0.389,0.52,85.5126,0.4579,-5.7125,Sad
0.6342,0.4,0.3163,85.3453,0.7305,-16.6717,Calm
0.6911,0.7679,0.8067,110.9795,0.1436,-5.3203,Happy
0.6098,0.8172,0.7743,152.1341,0.2487,-6.3363,Happy
0.1056,0.3344,0.3171,83.7899,0.3271,-6.2389,Sad
0.7727,0.7584,0.5159,145.2589,0.2161,-4.9516,Happy
0.5854,0.947,0.6854,110.0,0.1435,0.0,Energetic
0.7857,0.6601,0.5871,126.3819,0.1848,-2.7027,Happy
0.6211,0.8444,0.7786,144.3735,0.1109,-4.2395,Energetic
0.4382,0.8318,0.7183,110.0,0.0,-1.3243,Energetic
0.4876,0.0482,0.2903,70.4781,0.564,-14.3822,Calm
0.4754,0.1881,0.514,84.1786,0.5819,-16.5788,Calm
0.5833,0.3181,0.4073,102.7013,0.8642,-8.3063,Calm
0.4932,0.2963,0.4863,93.2909,0.7574,-9.6603,Calm
0.2285,0.2924,0.5864,66.0411,0.9054,-15.5859,Sad
0.702,0.8756,0.7501,137.4461,0.0429,-7.3559,Energetic
0.9366,0.7093,0.7493,119.6167,0.1454,-4.6631,Happy
0.6226,0.0495,0.4094,84.9544,0.5946,-11.113,Calm
0.6422,0.8957,0.8345,156.115,0.0853,-3.8723,Energetic
0.4576,0.3656,0.3429,81.626,0.7498,-16.7971,Calm
0.63,0.5,0.7166,117.4039,0.24,-6.8547,Happy
0.6309,0.6646,0.6142,128.154,0.0521,-7.0131,Happy
0.5782,0.8509,0.7527,164.2445,0.1832,-3.0266,Energetic
0.7714,0.7277,0.7272,130.9144,0.4013,-3.2574,Happy
0.3005,0.2643,0.3811,86.4636,0.9367,-15.7172,Sad
0.5109,0.2017,0.3452,98.5322,0.7633,-15.3986,Calm
0.3342,0.3955,0.435,91.0512,0.49,-14.7012,Calm
0.3802,0.2191,0.4438,77.0388,0.6056,-20.2422,Calm
0.3001,0.2548,0.3245,71.1451,0.4686,-14.4962,Sad
0.6506,0.1862,0.296,102.1738,0.4786,-20.1959,Calm
0.3911,0.4114,0.3438,91.0977,0.7174,-13.7678,Sad
0.76,0.8258,0.646,129.2028,0.079,-4.8643,Happy
0.7047,0.7354,0.8707,139.8783,0.0149,-6.6931,Energetic
0.6716,0.927,0.5929,142.5202,0.1695,-2.128,Energetic
0.6518,0.8029,0.6967,108.6905,0.1215,-6.4849,Happy
0.6882,0.3433,0.4642,75.1853,0.7714,-21.9555,Calm
0.0919,0.2671,0.4311,70.783,0.8124,-6.7164,Sad
0.6848,0.5989,0.6232,126.803,0.1417,-5.6064,Happy
0.5563,0.1705,0.3628,79.4648,0.7777,-14.2786,Calm
0.3626,0.8558,0.7494,147.446,0.0323,-3.5152,Energetic
0.5958,0.7127,0.8199,131.035,0.0887,-3.8149,Energetic
0.1727,0.3666,0.3781,78.5063,0.7963,-8.5392,Sad
0.0,0.2513,0.2051,80.5006,0.7412,-12.2426,Sad
0.5787,0.1528,0.4117,68.0473,0.3926,-17.9647,Calm
0.4668,0.3365,0.3523,99.1827,0.9359,-14.1912,Calm
0.4999,0.9472,0.9369,119.182,0.1068,-3.5475,Energetic
0.2412,0.319,0.2243,74.6227,0.5204,-6.0824,Sad
0.5593,0.9675,0.8935,143.2502,0.0625,-2.041,Energetic
0.7564,0.9008,0.7532,164.9803,0.1895,-4.0958,Energetic
0.2976,0.1482,0.3697,64.3291,0.4894,-12.3103,Sad
0.8769,0.9287,0.8628,110.0,0.0699,-4.014,Energetic
0.6878,0.9018,0.7791,152.787,0.1153,-4.0071,Energetic
0.1428,0.1996,0.2188,60.0989,0.5082,-8.9786,Sad
0.112,0.2322,0.3889,50.0,0.7283,-19.8094,Sad
0.4743,0.2378,0.6292,90.263,0.35,-13.6921,Calm
0.2231,0.3741,0.4518,79.4118,0.5625,-13.0844,Sad
0.456,0.9919,0.9199,156.441,0.0,-1.7996,Energetic
1.0,0.6369,0.6105,148.7105,0.1749,-6.9491,Happy
0.4586,0.2348,0.3109,81.5371,0.5856,-14.029,Calm
0.2394,0.3893,0.2581,71.7121,0.8742,-12.2937,Sad
0.2401,0.3715,0.4624,66.0902,0.5735,-15.2765,Sad
0.6573,0.749,0.7203,90.0,0.1862,-1.7201,Happy
0.4798,0.3138,0.4012,105.3082,0.4053,-8.7404,Calm
0.2767,0.2099,0.22,76.7387,0.7229,-10.404,Sad
0.6305,0.1974,0.5136,74.8033,1.0,-15.1532,Calm
0.4976,0.2316,0.2493,92.4284,0.9183,-17.3932,Calm
0.3972,0.2022,0.553,78.393,0.6251,-10.5879,Calm
0.8941,0.7218,0.6823,131.3839,0.3197,-4.9128,Happy
0.7292,0.7272,0.782,121.5806,0.1448,-8.7503,Happy
0.4972,0.9891,0.6442,146.1445,0.1007,-4.6102,Energetic
0.7796,0.5487,0.7326,146.9653,0.2919,-3.7617,Happy
0.5805,0.8299,0.6922,130.2401,0.1404,-6.0251,Energetic
0.5523,0.8482,0.7149,150.8424,0.1124,-3.3874,Energetic
0.9352,0.6303,0.853,148.2174,0.063,-8.5369,Happy
0.5024,0.8134,0.7777,131.5164,0.0901,-2.4552,Energetic
0.367,0.1415,0.4854,93.8137,0.7507,-16.0054,Calm
0.1513,0.2809,0.2174,76.4826,0.7328,-5.0399,Sad
0.8313,0.6756,0.8207,123.3587,0.3024,-2.848,Happy
0.6357,0.5817,0.703,125.1973,0.1343,-4.6408,Happy
0.3351,0.1971,0.2324,65.1058,0.6143,-11.3016,Sad
0.7235,1.0,0.6926,142.5114,0.1394,-3.0034,Happy
0.6038,0.1863,0.3636,90.5205,0.5874,-14.5537,Calm
0.697,0.815,0.7711,116.6855,0.0897,-6.6552,Happy
0.4938,0.8856,0.6067,125.749,0.1055,-0.2732,Energetic
0.5254,0.8325,0.6737,145.3438,0.1358,0.0,Energetic
0.4589,0.8183,0.785,143.159,0.0174,-4.0355,Energetic
0.8015,0.7249,0.8256,110.6435,0.1677,-5.2653,Happy
0.6143,0.2027,0.4956,91.3341,0.5458,-16.3478,Calm
0.84,0.693,0.6833,119.7054,0.4062,-5.6381,Happy
0.4218,0.2293,0.4087,69.5729,0.8691,-15.5822,Calm
0.1618,0.4402,0.3711,95.6964,0.3675,-12.1443,Sad
0.4836,0.8722,0.6947,144.3642,0.1573,-4.5435,Energetic
0.4458,0.4008,0.2369,70.6019,0.5883,-8.696,Sad
0.2501,0.3607,0.2895,70.0057,0.5341,-11.0311,Sad
0.5757,0.863,0.5719,122.1655,0.0011,-4.0775,Energetic
0.7269,0.9326,0.7292,110.0,0.0901,-4.1826,Energetic
0.7037,0.6982,0.7654,115.3833,0.0756,-7.2834,Happy
0.5444,0.8734,0.76,123.7081,0.0982,-7.4025,Energetic
0.3021,0.4236,0.2575,61.7725,0.5811,-11.5299,Sad
0.7558,0.6324,0.7028,133.7449,0.32,-3.9722,Happy
0.8476,0.6373,0.6856,126.7156,0.1944,-5.5422,Happy
0.3162,0.3279,0.3679,75.2737,0.5785,-17.4922,Calm
0.4846,0.4,0.2857,86.402,0.8496,-11.6929,Calm
0.7962,0.5,0.8795,115.7899,0.2648,-7.64,Happy
0.6786,0.866,0.8041,154.329,0.0413,-4.5179,Energetic
0.638,0.2739,0.2414,95.2837,0.7282,-15.074,Calm
0.35,0.8632,0.8924,145.4025,0.1759,0.0,Energetic
0.4246,0.2956,0.4075,110.7499,0.5096,-13.7164,Calm
0.6644,0.9052,0.5905,135.4158,0.286,-2.9536,Energetic
0.9815,0.5531,0.6483,136.5829,0.2538,-3.9738,Happy
0.6217,0.9598,0.7646,118.3459,0.1154,-4.2103,Energetic
0.4421,0.7816,0.5754,110.0,0.206,-5.157,Energetic
0.35,0.8939,0.7883,132.3144,0.1126,-2.2014,Energetic
0.6246,0.3506,0.3523,75.8609,0.5744,-10.0578,Calm
0.5082,0.293,0.3759,82.4106,0.8516,-13.5257,Calm
0.7564,0.8529,0.8085,132.7564,0.2914,-1.1792,Energetic
0.1957,0.3266,0.3828,84.7698,0.6877,-12.4411,Sad
0.6515,0.7,0.533,110.0,0.0387,-6.7855,Energetic
0.5826,0.2041,0.2573,83.6253,0.5859,-11.3631,Calm
0.6252,0.6792,0.6612,156.5963,0.2589,-6.6865,Happy
0.5239,0.987,0.8856,154.1782,0.0051,-1.3123,Energetic
0.6847,0.6997,0.9455,98.3992,0.2586,-3.9978,Happy
0.6214,1.0,0.8659,139.9107,0.0318,-3.4013,Energetic
0.2763,0.1224,0.3672,88.6274,0.828,-12.3394,Sad
0.75,0.3482,0.3369,73.5886,0.8392,-15.9576,Calm
0.5299,0.2436,0.5097,57.3823,0.6678,-14.2325,Calm
0.442,0.3442,0.3105,91.2574,0.6626,-11.8776,Calm
0.25,0.239,0.3905,90.2734,0.7024,-17.7625,Calm
0.7857,0.8238,0.8382,96.1051,0.3542,-4.5736,Happy
0.1261,0.19,0.4956,90.5505,0.7582,-18.6505,Sad
0.7202,0.92,0.5758,149.7846,0.2223,-0.4185,Energetic
0.6982,0.6674,0.7489,119.2843,0.2957,-4.8766,Happy
0.7716,0.5538,0.6081,126.3288,0.2816,-5.6986,Happy
0.4353,1.0,0.5108,132.6844,0.0873,-5.7612,Energetic
0.2787,0.3592,0.3326,64.4422,0.5027,-10.2778,Sad
0.6997,0.5441,0.6222,104.6581,0.26,-3.2945,Happy
0.5874,0.3654,0.2735,83.8203,0.9143,-13.9034,Calm
0.5027,0.8511,0.7525,145.5532,0.1933,-1.1841,Energetic
0.44,0.1831,0.4453,100.2931,0.7186,-10.5078,Calm
0.1266,0.282,0.5493,60.5616,0.3549,-11.3623,Sad
0.7984,0.8628,0.7918,136.2086,0.2286,-3.6073,Energetic
0.1976,0.3492,0.2652,82.6858,0.3997,-9.3617,Sad
0.3743,0.2915,0.4436,77.5328,0.7675,-11.0264,Calm
0.5113,0.8677,0.8346,110.0,0.1161,-2.1367,Energetic
0.2733,0.302,0.248,95.2202,0.5513,-16.6372,Sad
0.2643,0.2999,0.2178,68.4055,0.3695,-5.8594,Sad
0.7587,0.8072,0.5889,113.2154,0.4319,-8.2303,Happy
0.6168,0.949,0.7607,155.4412,0.0984,-3.9778,Energetic
0.8314,0.5497,0.8665,123.3668,0.1612,-0.875,Happy
0.2652,0.2474,0.2848,72.714,0.8088,-15.2321,Sad
0.6984,0.8861,0.642,131.2332,0.1186,-4.9903,Energetic
0.5041,0.2153,0.4249,99.8009,0.35,-13.2279,Calm
0.6304,0.7602,0.6457,130.6351,0.1079,-3.2319,Happy
0.8807,0.7167,0.572,113.1167,0.2003,-2.1756,Happy
0.9892,0.8463,0.6373,157.1904,0.185,-2.4181,Energetic
0.1938,0.1392,0.3269,71.9258,0.7663,-12.8394,Sad
0.0751,0.414,0.2262,67.4211,0.5706,-16.0663,Sad
0.6269,0.7144,0.8014,135.7065,0.217,-7.1351,Happy
0.5923,0.8465,0.7466,180.0,0.1765,-1.3154,Energetic
0.7004,0.1543,0.3954,83.4608,0.641,-15.2417,Calm
0.7028,0.6437,0.6554,144.5015,0.0955,-6.8709,Happy
0.3329,0.3666,0.4099,83.2261,0.7603,-10.6957,Sad
0.9132,0.5162,0.7286,140.7641,0.367,-0.6581,Happy
0.6601,0.2026,0.4494,100.4664,0.5016,-13.8843,Calm
0.3225,0.3783,0.2181,68.685,0.4705,-7.4094,Sad
0.1306,0.3021,0.3433,69.4103,0.6067,-10.715,Sad
0.601,0.2609,0.5063,101.0436,0.5255,-11.6692,Calm
0.5659,0.9184,0.7018,145.1608,0.03,-4.1789,Energetic
0.6709,0.7477,0.5504,121.5622,0.0971,-3.3012,Energetic
0.3875,0.8488,0.8494,152.3417,0.0,-3.8196,Energetic
0.2196,0.1634,0.4531,93.2521,0.8087,-5.0,Sad
0.2184,0.4448,0.1537,76.269,0.8533,-11.1391,Sad
0.4149,0.2816,0.4479,98.216,0.8151,-10.7936,Calm
0.259,0.4193,0.3092,71.3063,0.3872,-16.0102,Sad
0.2827,0.1154,0.2483,93.1967,0.8628,-8.7949,Sad
0.6271,0.8106,0.6903,150.7763,0.0475,-0.6178,Energetic
0.6506,0.8842,0.5937,151.1369,0.0,-6.1644,Energetic
0.6456,0.9037,0.7227,140.5101,0.0451,-4.6031,Energetic
0.6877,0.6344,0.8109,105.4748,0.3263,-2.3191,Happy
0.7697,0.6636,0.5705,111.5388,0.3628,-10.7445,Happy
0.6898,0.7188,0.5308,111.672,0.1443,-4.7182,Happy
0.8005,0.773,0.5877,117.7492,0.2181,-4.8599,Happy
0.3601,0.1133,0.5557,86.4174,0.6609,-10.6674,Sad
0.6717,0.8829,0.7256,101.6135,0.1387,-6.9102,Happy
0.4774,0.2444,0.3448,99.7273,0.5577,-14.6601,Calm
0.5554,0.8497,0.692,125.0836,0.1595,-3.3805,Energetic
0.9023,0.781,0.8356,139.1768,0.2543,-5.0067,Happy
0.7243,0.9549,0.7727,124.3082,0.1585,-2.4877,Energetic
0.846,0.9968,0.6514,116.2462,0.0,-2.5033,Energetic
0.5253,0.3156,0.4035,68.9264,0.5979,-16.947,Calm
0.6179,0.8394,0.7734,138.8092,0.1945,-4.7386,Energetic
0.4354,0.9018,0.818,146.2216,0.035,-4.1227,Energetic
0.4593,0.7462,0.7698,129.5076,0.0882,-1.8008,Energetic
0.4551,0.1771,0.268,56.4311,0.5248,-10.4602,Calm
0.2769,0.4976,0.3283,92.7232,0.6351,-11.5771,Sad
0.6614,0.2998,0.3816,72.9056,0.59,-16.8944,Calm
0.0997,0.3731,0.3205,71.4019,0.7165,-9.3329,Sad
0.2924,0.277,0.4967,87.6207,0.621,-10.7443,Calm
0.6085,0.5606,0.6477,140.9903,0.1332,-5.3658,Happy
0.5062,0.7724,0.6408,147.2039,0.0193,-5.3995,Energetic
0.2851,0.217,0.4348,81.0992,0.4197,-10.4655,Sad
0.5016,0.2528,0.5498,103.0101,0.6665,-17.3818,Calm
0.6042,0.8594,0.7385,161.104,0.1839,-3.2581,Energetic
0.4329,0.3117,0.3061,55.0,0.6152,-12.8132,Calm
0.6994,0.7,0.6739,135.7236,0.1857,0.0,Energetic
0.5161,0.2414,0.369,84.7072,0.6226,-18.2071,Calm
0.6422,0.7248,0.6477,108.6859,0.0897,-3.3839,Happy
0.5398,0.1701,0.4506,102.6374,0.5133,-14.2457,Calm
0.7047,0.8028,0.6976,135.5123,0.2088,-5.5472,Energetic
0.5131,0.8345,0.5948,130.0187,0.0889,-6.6141,Energetic
0.4787,0.2142,0.3682,79.1013,0.6018,-20.0971,Calm
0.7428,0.7424,0.6745,109.8541,0.1889,-4.866,Happy
0.8504,0.7213,0.8504,147.0141,0.1096,-3.9681,Happy
0.5541,0.863,0.7762,175.8256,0.0,-6.0201,Energetic
0.8636,0.715,0.656,123.2615,0.2556,-5.2408,Happy
0.7742,0.8025,0.728,123.7408,0.1282,-6.4336,Happy
0.3208,0.2192,0.3558,77.5848,0.5574,-13.606,Sad
0.4415,0.3594,0.34,84.7377,0.6983,-16.2272,Calm
0.813,0.7577,0.6183,140.4621,0.2593,-4.9574,Happy
0.4233,0.175,0.3982,73.5988,0.4757,-14.0248,Sad
0.6124,0.9824,0.7727,135.2706,0.0843,-3.825,Energetic
0.3824,0.3517,0.4337,63.0438,0.5355,-11.8043,Calm
0.5622,0.882,0.5973,142.3713,0.0992,-3.8573,Energetic
0.4789,0.2609,0.343,84.8053,0.5319,-11.9403,Calm
0.3856,0.9349,0.6423,151.5769,0.2131,-4.8576,Energetic
0.3177,0.3047,0.2969,76.8379,0.7691,-12.7855,Calm
0.3739,0.2613,0.4198,77.5766,0.8374,-5.7963,Sad
0.3318,0.3069,0.4829,73.1369,0.8206,-12.6824,Sad
0.4815,0.1621,0.537,89.0723,0.6185,-11.9383,Calm
0.0061,0.2464,0.4348,79.2301,0.5183,-11.3128,Sad
0.703,0.9404,0.8181,116.8259,0.1877,0.0,Energetic
0.751,0.6981,0.6269,119.0611,0.2015,-4.6108,Happy
0.5352,0.3001,0.3164,82.044,0.512,-15.7354,Calm
0.7686,0.6815,0.6002,101.5859,0.3607,-7.1356,Happy
0.2948,0.3472,0.2675,53.685,0.7042,-19.5967,Sad
0.8148,0.7947,0.787,120.4312,0.2122,-6.6364,Happy
0.9079,0.8478,0.6226,99.6022,0.1298,-3.6072,Happy
0.2647,0.2837,0.5038,93.3884,0.8489,-10.6516,Sad
0.4336,0.2318,0.5083,86.2962,0.6867,-15.4306,Calm
0.3762,0.4511,0.162,85.0,0.5946,-15.7654,Sad
0.8044,0.7803,0.7393,165.8934,0.1244,-2.9731,Energetic
0.8259,0.7955,0.5514,125.4744,0.2928,-5.1811,Happy
0.4131,0.3838,0.3251,114.9812,0.6368,-20.3137,Calm
0.7876,0.7992,0.6874,125.6582,0.1853,-1.9135,Happy
0.4947,0.2982,0.2655,98.3452,0.6561,-16.3251,Calm
0.3311,0.3247,0.4243,65.3482,0.6001,-17.062,Sad
0.5946,0.947,0.8755,140.3931,0.0851,-0.8316,Energetic
0.582,0.9244,0.7657,136.5305,0.0042,-4.2822,Energetic
0.4149,0.7974,0.7777,139.2034,0.1739,-2.7008,Energetic
0.1846,0.2988,0.389,77.6465,0.5938,-13.6818,Sad
0.5555,0.8784,0.5437,110.0,0.1786,-2.6402,Energetic
0.45,0.3575,0.4572,92.672,0.6784,-7.2167,Sad
0.6594,0.2048,0.4258,89.0316,0.6731,-17.4593,Calm
0.3061,0.2359,0.429,70.6844,0.6306,-5.1857,Sad
0.8767,0.6712,0.6168,109.6777,0.2753,-5.2749,Happy
0.7007,0.6722,0.7507,99.9896,0.4558,-4.7699,Happy
0.7611,0.5986,0.6489,97.1522,0.187,-2.8225,Happy
0.1356,0.3102,0.3369,70.9783,0.5986,-16.0975,Sad
0.1949,0.3033,0.3835,55.1414,0.4158,-11.7862,Sad
0.8557,0.5793,0.6946,109.6214,0.123,-4.3964,Happy
0.2289,0.0438,0.3891,67.8917,0.5823,-8.6344,Sad
0.9386,0.6132,0.572,133.4279,0.2028,-4.7547,Happy
0.4808,0.8707,0.858,141.8947,0.1646,-1.6074,Energetic
0.8431,0.6197,0.7059,136.7594,0.079,-4.2653,Happy
0.3861,0.3458,0.3584,72.6636,0.8556,-14.897,Sad
0.8151,0.6292,0.7197,127.4352,0.4165,-3.3052,Happy
0.8291,0.9261,0.7308,127.8425,0.2057,-4.7735,Happy
0.2629,0.2291,0.4194,78.6526,1.0,-6.3185,Calm
0.583,0.1942,0.3846,79.2042,0.7423,-14.6173,Calm
0.4609,0.1001,0.2803,86.7319,0.4778,-15.0955,Calm
0.7464,0.8651,0.6657,132.6097,0.0908,-4.4129,Happy
0.7122,0.2662,0.5533,100.2726,0.5595,-11.3056,Calm
0.35,0.929,0.7453,119.109,0.0408,-4.1996,Energetic
0.581,0.8395,0.8506,135.3553,0.1169,-1.9914,Energetic
0.3374,0.3143,0.439,72.1613,0.5432,-11.6308,Sad
0.6228,0.3614,0.3695,60.6679,0.7013,-10.2696,Calm
0.2995,0.2064,0.378,74.2237,0.5617,-15.6653,Calm
0.1842,0.3684,0.4011,80.6001,0.7458,-10.9599,Sad
0.2363,0.1647,0.2605,67.6969,0.6569,-14.2703,Sad
0.45,0.2351,0.4422,74.3711,0.6291,-17.328,Sad
0.5311,0.1827,0.3127,88.9777,0.7427,-11.8038,Calm
0.2942,0.3547,0.4014,75.0443,0.5917,-10.5745,Sad
0.4891,0.2017,0.3725,100.6729,0.6941,-16.1515,Calm
0.0348,0.2771,0.4051,82.5061,0.4221,-12.1617,Sad
0.6191,0.942,0.7849,148.6697,0.0736,-1.8929,Energetic
0.5009,0.2528,0.3842,82.6803,0.99,-12.3558,Calm
0.271,0.3696,0.3057,93.9374,0.7669,-17.495,Sad
0.7485,0.8761,0.8673,128.1368,0.2748,-4.0251,Energetic
0.7215,0.8745,0.7091,140.838,0.0,-2.2792,Energetic
0.3575,0.248,0.2886,82.3408,0.5066,-11.1596,Calm
0.7021,0.7719,0.6426,129.6408,0.2558,-5.0427,Happy
0.4034,0.7504,0.872,126.6901,0.147,-3.4497,Energetic
0.6798,0.588,0.5919,116.2923,0.1994,-4.1269,Happy
0.671,0.8466,0.6167,159.2141,0.1016,-4.8099,Energetic
0.7434,0.9465,0.7824,145.2251,0.1502,-6.1649,Energetic
0.4275,0.4661,0.2668,93.8762,0.5436,-13.0227,Sad
0.5128,0.3318,0.4502,79.6808,0.641,-13.2576,Calm
0.7614,0.7538,0.9527,122.6984,0.2722,-7.8126,Happy
0.0521,0.2642,0.3675,71.6534,0.5775,-13.8221,Sad
0.4387,0.2312,0.3106,86.7451,0.4864,-10.8162,Calm
0.276,0.3558,0.3972,82.4725,0.5906,-14.9392,Sad
0.1427,0.3744,0.3867,74.4132,0.7237,-10.7225,Sad
0.743,0.9198,0.7432,131.5041,0.0455,-3.2498,Energetic
0.4301,0.1908,0.4903,73.6053,0.523,-12.5938,Sad
0.3448,0.1851,0.4497,66.9866,0.5748,-18.3169,Sad
0.635,0.2861,0.15,72.687,0.67,-11.9746,Calm
0.6429,0.5594,0.738,115.1755,0.4157,-6.8074,Happy
0.4695,0.3072,0.2924,74.1202,0.6319,-8.9687,Calm
0.2035,0.103,0.4056,93.7547,0.3903,-10.4332,Sad
0.5581,0.7912,0.7211,139.7609,0.1975,-5.5836,Happy
0.1394,0.3987,0.4573,72.5297,0.4596,-12.2323,Sad
0.8352,0.6623,0.6786,130.5176,0.2735,-1.5788,Happy
0.6509,0.8458,0.7303,150.2953,0.1214,-5.0517,Energetic
0.5241,0.8921,0.7509,131.7353,0.016,-2.8043,Energetic
0.1361,0.235,0.3366,72.4535,0.7007,-16.4383,Sad
0.3013,0.3462,0.2874,69.0032,0.8496,-13.5457,Sad
0.7278,0.8196,0.7076,136.7606,0.0686,-3.6615,Energetic
0.744,0.9275,0.5484,154.3641,0.0776,-3.5157,Happy
0.2907,0.3463,0.5259,72.7521,0.7273,-7.841,Sad
0.5483,0.7905,0.7442,136.534,0.1383,-2.3488,Energetic
0.2292,0.1532,0.1893,85.2477,0.619,-6.6109,Sad
0.5829,1.0,0.6379,161.7818,0.1118,-4.5322,Energetic
0.1633,0.3617,0.5019,84.3289,0.6947,-16.7036,Sad
0.3556,0.0396,0.3828,89.1567,0.8493,-11.9435,Sad
0.7982,0.7403,0.7611,151.1512,0.1394,-4.3513,Happy
0.7178,0.582,0.7983,98.0344,0.1698,-4.1528,Happy
0.4934,0.185,0.5416,81.3654,0.5761,-13.1833,Calm
0.5371,0.7,0.687,134.8225,0.0603,-0.6803,Energetic
0.3101,0.2043,0.3198,90.2682,0.6545,-8.006,Sad
0.728,0.636,0.7722,131.787,0.2134,-4.5989,Happy
0.6798,0.7968,0.6828,127.1575,0.0764,-5.6717,Energetic
0.7195,0.8302,0.7887,151.9505,0.1231,0.0,Energetic
0.5987,0.8995,0.6675,135.7517,0.0176,-4.558,Energetic
0.7208,0.7828,0.8094,119.0137,0.4211,-7.2392,Happy
0.2091,0.3421,0.3282,69.4021,1.0,-7.647,Sad
0.7913,0.6979,0.6297,103.205,0.1841,-5.0457,Happy
0.9265,0.7571,0.6362,143.9176,0.3238,-4.6208,Happy
0.3009,0.3638,0.433,75.2868,0.4179,-10.915,Sad
0.2471,0.167,0.2935,64.9529,0.5432,-14.4149,Sad
0.3766,0.1399,0.3794,77.8959,0.8239,-12.8532,Sad
0.1888,0.2646,0.3725,98.8447,0.6588,-7.8012,Sad
0.5548,0.7448,0.8847,134.1116,0.2933,-7.9151,Happy
0.3312,0.1719,0.3139,76.3484,0.7301,-11.8924,Calm
0.7761,0.8554,0.5749,129.6126,0.171,-0.885,Happy
0.2349,0.332,0.4151,64.3598,0.6737,-11.6042,Sad
0.3733,0.0976,0.509,68.856,0.8218,-18.7143,Calm
0.4083,0.3185,0.42,70.1249,0.5161,-16.0596,Calm
0.3637,0.8944,0.8216,172.3239,0.0,-5.2677,Energetic
0.5907,0.1085,0.411,85.3811,0.5533,-19.3826,Calm
0.6475,0.8209,0.5641,125.9661,0.0357,-5.8085,Energetic
0.408,0.8255,0.8572,118.3219,0.0637,-3.6253,Energetic
0.845,0.9114,0.7176,125.8847,0.1848,-4.4774,Energetic
0.753,1.0,0.9009,133.1051,0.1182,-4.836,Energetic
0.8856,0.6799,0.7106,141.6018,0.0586,-5.5627,Happy
0.5711,0.8955,0.6967,147.9035,0.1453,-4.8364,Energetic
0.6202,0.901,0.8525,160.8354,0.0417,-1.6911,Energetic
0.2366,0.1293,0.2267,68.1558,0.5933,-8.777,Sad
0.5469,0.13,0.5953,81.009,0.6602,-15.9557,Calm
0.5136,0.253,0.3701,84.2026,0.6577,-16.6325,Calm
0.1792,0.213,0.2953,99.1472,0.588,-11.3501,Sad
0.5981,0.7538,0.8421,144.6302,0.2566,-3.9776,Happy
0.3756,0.2085,0.65,61.2164,0.6833,-6.0,Calm
0.4263,0.3458,0.421,86.6519,0.35,-13.9021,Calm
0.4112,0.3041,0.2377,80.9984,0.4569,-5.7419,Sad
0.2008,0.3849,0.3021,86.8254,0.6441,-15.1539,Sad
0.5633,0.7743,0.8409,137.8055,0.3073,-5.5191,Happy
0.2026,0.2571,0.3525,69.5266,0.3573,-9.4151,Sad
0.8134,0.7247,0.7234,134.4613,0.2283,-8.2326,Happy
0.6973,0.8962,0.8376,139.4189,0.0887,-4.9575,Energetic
0.1873,0.4194,0.3447,67.7176,0.4844,-13.0839,Sad
0.6337,0.8111,0.7995,161.6292,0.1662,-3.3506,Energetic
0.0916,0.4643,0.484,87.5411,0.4497,-8.8159,Sad
0.5791,0.2905,0.4984,103.6149,0.7662,-16.9379,Calm
0.6848,0.2219,0.5279,100.8519,0.8031,-11.4041,Calm
0.5403,0.8307,0.6954,115.53,0.0935,0.0,Energetic
0.4541,0.286,0.6179,112.8964,0.8634,-17.2652,Calm
0.4592,0.3496,0.3244,78.8006,0.6133,-15.584,Calm
0.7905,0.6596,0.6469,107.2956,0.2021,-2.9979,Happy
0.5973,0.8634,0.818,127.9658,0.1402,0.0,Energetic
0.3539,0.2917,0.3834,63.577,0.4689,-8.2223,Sad
0.9038,0.7698,0.4927,109.7842,0.2609,-7.5086,Happy
0.7108,0.8379,0.7593,104.9757,0.2082,-9.7259,Happy
0.3621,0.4097,0.2715,61.2277,0.7658,-11.0606,Sad
0.6442,0.6523,0.6573,90.0,0.458,-5.2952,Happy
0.5053,0.9136,0.9349,150.0326,0.1838,-2.7718,Energetic
0.2361,0.2587,0.3595,81.5218,0.6619,-14.4461,Sad
0.3626,0.2811,0.4521,67.7055,0.6334,-13.1631,Sad
0.213,0.3104,0.3933,61.8324,0.7205,-15.423,Sad
0.8275,0.6779,0.7633,115.1275,0.2673,-2.3702,Happy
0.6122,0.6549,0.6566,136.6227,0.2996,-4.1804,Happy
0.2589,0.316,0.376,58.5802,0.7822,-11.0376,Sad
0.6219,0.8945,0.8446,135.4465,0.0,-2.5794,Energetic
0.1279,0.2242,0.3816,63.4794,0.8755,-15.8805,Sad
0.0838,0.1985,0.4387,84.8441,0.6982,-6.1402,Sad
0.6504,0.8256,0.7439,148.888,0.1587,-0.5326,Energetic
0.7201,0.7383,0.8752,90.0,0.2393,-2.6705,Happy
0.6692,0.6441,0.5778,119.946,0.1214,-4.1424,Happy
0.2474,0.3007,0.2467,55.3262,0.6777,-12.1471,Sad
0.8978,0.5076,0.6475,105.4954,0.2708,-7.0316,Happy
0.45,0.2579,0.3503,72.2337,0.6664,-13.1289,Sad
0.3791,0.1236,0.4053,93.3512,0.4344,-15.8335,Calm
0.6831,0.7751,0.7545,137.3312,0.1246,-3.2684,Energetic
0.3207,0.2045,0.3384,86.2425,0.5778,-11.9394,Calm
0.2651,0.1716,0.3737,92.3916,0.8233,-10.2364,Calm
0.5451,0.9162,0.5839,147.8483,0.1003,-5.7956,Energetic
0.2754,0.3014,0.4476,97.8496,0.7927,-10.2788,Sad
0.1154,0.4212,0.2842,63.613,0.7051,-17.5202,Sad
0.5019,0.2757,0.4877,88.5366,0.6754,-14.4694,Calm
0.4968,0.3482,0.4872,69.7664,0.6707,-12.2074,Calm
0.1854,0.2824,0.2584,96.0657,0.4442,-13.5582,Sad
0.6616,0.6163,0.696,121.1795,0.0653,-7.0007,Happy
0.3056,0.368,0.2605,79.9033,0.4768,-11.4741,Sad
0.2047,0.389,0.4257,61.4376,0.5558,-8.2812,Sad
0.7266,0.7317,0.8877,120.6965,0.2041,-5.9065,Happy
0.2017,0.2456,0.4319,65.1789,0.636,-15.5456,Sad
0.5126,1.0,0.7213,165.7856,0.0339,-7.1493,Energetic
0.2393,0.2044,0.2415,73.8544,0.5406,-10.6921,Sad
0.5629,0.2637,0.4679,100.938,0.6192,-13.1064,Calm
0.4763,0.0801,0.4683,95.8207,0.4761,-18.567,Calm
0.6259,0.2086,0.3082,96.9517,0.7738,-14.0822,Calm
0.7339,0.675,0.5443,130.4733,0.2537,-5.9655,Happy
0.2892,0.3501,0.3691,67.7522,0.8011,-9.9632,Sad
0.5051,0.8575,0.6874,145.6911,0.0,-2.5967,Energetic
0.6394,0.7091,0.6967,122.9478,0.2539,-9.8485,Happy
0.8162,0.6785,0.6469,140.88,0.1627,-5.1662,Happy
0.3259,0.1061,0.4448,72.9485,0.35,-19.178,Calm
0.6838,0.8206,0.7984,128.961,0.2491,-3.0994,Happy
0.5887,0.7771,0.6637,102.8549,0.1161,-3.7693,Happy
0.8282,0.787,0.6274,133.2549,0.0515,-4.1434,Happy
0.5468,0.3017,0.3734,55.0,0.6996,-16.5215,Calm
0.328,0.3152,0.2119,56.4166,0.8948,-6.5784,Sad
0.8643,0.8379,0.6636,115.1948,0.139,-5.8527,Happy
0.4539,0.9746,0.6621,149.994,0.0,-1.2842,Energetic
0.6239,0.7287,0.6377,105.1291,0.2309,-10.4065,Happy
0.6212,0.2401,0.539,83.7023,0.7227,-10.4968,Calm
0.8043,0.6998,0.8496,152.4488,0.375,-2.0449,Happy
0.2449,0.3922,0.5588,68.5305,0.5155,-13.2408,Sad
0.4228,0.8124,0.8044,140.2907,0.0,-3.1357,Energetic
0.2486,0.3589,0.158,77.1771,0.6715,-11.5828,Sad
0.4975,0.2245,0.3727,106.4482,0.5614,-12.3876,Calm
0.2445,0.3437,0.2486,68.6254,0.559,-6.9128,Sad
0.4271,0.2019,0.4537,66.0468,0.7138,-12.2311,Calm
0.776,0.5896,0.7518,117.4106,0.295,-7.1248,Happy
0.2355,0.2002,0.412,69.9092,0.7138,-13.8819,Sad
0.4546,0.018,0.4129,90.897,0.8043,-14.4481,Calm
0.0731,0.234,0.3898,70.2903,0.7907,-12.4811,Sad
0.8954,0.7511,0.6752,113.5783,0.304,-1.9574,Happy
0.6654,0.2143,0.2997,93.2235,0.6073,-16.5635,Calm
0.3833,0.2695,0.5892,81.7259,0.8341,-11.0966,Calm
0.0204,0.2951,0.4232,78.4647,0.7815,-15.6687,Sad
0.7053,0.3191,0.2809,62.9168,0.5939,-11.7577,Calm
0.8267,0.6608,0.5755,131.1938,0.1337,-3.0894,Happy
0.2697,0.3502,0.2961,98.8473,0.7582,-11.4178,Sad
0.7175,0.9067,0.8052,140.0243,0.0864,-6.4038,Energetic
0.225,0.2682,0.3739,65.9006,0.6807,-18.3862,Sad
0.2519,0.3718,0.3166,69.1763,0.6552,-9.4957,Sad
0.5832,0.7843,0.6193,123.6179,0.1516,0.0,Energetic
0.6577,0.9959,0.7017,140.2902,0.1012,-6.4938,Energetic
0.7944,0.7594,0.6448,134.7265,0.329,-1.7754,Happy
0.6831,0.9077,0.7895,136.0159,0.0,-4.3988,Energetic
0.4292,0.969,0.6938,147.1011,0.1431,-0.6134,Energetic
0.4403,0.2533,0.4699,81.8796,0.9708,-7.6351,Calm
0.3978,0.2225,0.3786,61.6319,0.6911,-15.1016,Calm
0.2684,0.3669,0.2639,78.0269,0.5018,-15.5216,Sad
0.6117,0.7729,0.5002,145.3546,0.081,-2.623,Energetic
0.5006,0.7809,0.6346,131.9104,0.0,-1.9877,Energetic
0.4101,0.2404,0.3453,55.0,0.5674,-15.5956,Calm
0.5944,0.1443,0.3783,88.3605,0.6046,-22.0,Calm
0.2808,0.3106,0.279,78.5475,0.777,-11.5634,Sad
0.1526,0.2928,0.3963,69.5335,0.3461,-6.4269,Sad
0.4756,0.3183,0.4598,67.0098,0.7449,-13.7085,Calm
0.6785,0.746,0.658,119.0379,0.1779,-4.2654,Happy
0.7027,0.2787,0.3516,62.204,0.4434,-11.7008,Calm
0.8454,0.6961,0.8447,133.051,0.2456,-9.3453,Happy
0.5512,0.6392,0.8272,131.4062,0.1691,-6.6205,Happy
0.8022,0.6686,0.6388,142.1481,0.0633,-2.6252,Happy
0.28,0.207,0.3256,82.2254,0.3,-10.1876,Sad
0.7623,0.8359,0.8232,147.3388,0.0077,-4.0119,Energetic
0.3952,0.4035,0.4112,103.9401,0.6068,-13.1887,Sad
0.7974,0.7918,0.5297,129.7079,0.3491,-2.9401,Happy
0.5608,0.8311,0.7676,131.3537,0.171,-1.6819,Energetic
0.1306,0.2687,0.2149,85.9847,0.7176,-12.6674,Sad
0.515,0.1201,0.3503,79.8783,0.8054,-11.5208,Calm
0.1683,0.2817,0.1294,61.4392,0.7745,-12.183,Sad
0.714,0.8793,0.7039,139.6365,0.1033,0.0,Energetic
0.0606,0.4996,0.2876,56.7939,0.5072,-13.5054,Sad
0.5782,0.8438,0.7654,139.7508,0.2081,-4.0278,Energetic
0.1634,0.2172,0.3266,61.1878,0.5996,-7.2283,Sad
0.169,0.1576,0.3113,65.76,0.6415,-14.4487,Sad
0.7997,0.6371,0.7757,125.5301,0.2125,-3.4433,Happy
0.2366,0.1889,0.3576,82.5544,0.6976,-15.46,Sad
0.5358,0.0649,0.1512,100.0642,0.7164,-13.7021,Calm
0.2111,0.1914,0.2388,64.0838,0.5371,-15.8538,Sad
0.4526,0.7395,0.9542,156.5875,0.1093,-5.5255,Energetic
0.5462,0.8936,0.5827,149.3511,0.1776,-5.966,Energetic
0.7423,0.5685,0.7632,121.1523,0.0628,-5.7835,Happy
0.0727,0.2872,0.1914,68.4208,0.7763,-13.4329,Sad
0.969,0.8569,0.6816,126.5449,0.0025,-2.8399,Happy
0.4177,0.2384,0.2366,100.8184,0.4648,-16.3471,Calm
0.3307,0.2706,0.3797,85.4299,0.5873,-7.5077,Sad
0.7597,0.6302,0.6639,123.1257,0.2389,-7.1443,Happy
0.3893,0.4,0.4773,101.1532,0.977,-14.1718,Calm
0.6643,0.6244,0.5665,114.7611,0.1512,-5.0484,Happy
0.6342,0.2413,0.5172,75.2272,0.5789,-13.0686,Calm
0.6919,0.1981,0.3282,67.7943,0.5764,-12.8037,Calm
0.8418,0.7044,0.6445,90.0,0.3702,-3.6442,Happy
0.6855,0.6427,0.8092,98.5384,0.3236,-6.0581,Happy
0.7569,0.5161,0.6022,94.9712,0.3219,-6.6927,Happy
0.4401,0.3376,0.2778,79.6417,0.3638,-10.9843,Sad
0.5182,0.2582,0.3816,103.4853,0.5272,-12.223,Calm
0.141,0.1819,0.4072,87.1376,0.6786,-12.0072,Sad
0.3197,0.2288,0.3656,82.251,0.829,-13.8344,Calm
0.1755,0.1497,0.3008,78.4479,0.7156,-13.07,Sad
0.4491,0.9054,0.7994,131.4404,0.0,-1.0528,Energetic
0.4316,0.2945,0.3853,96.4877,0.4842,-8.7472,Calm
0.357,0.3523,0.1253,110.0,0.368,-6.1945,Sad
0.2467,0.1761,0.3063,93.6499,0.5056,-10.4916,Sad
0.4102,0.1376,0.6388,93.1985,0.35,-15.0264,Calm
0.8463,0.7088,0.8149,114.5634,0.3197,-2.406,Happy
0.6899,0.7824,0.7056,143.4829,0.2964,-5.9777,Happy
0.2235,0.3839,0.2766,72.8932,0.4015,-14.3867,Sad
0.6254,0.6339,0.5723,120.7792,0.2137,-7.692,Happy
0.6164,0.3348,0.5867,68.5597,0.9509,-14.8934,Calm
0.6746,0.6624,0.8812,125.1976,0.1115,-3.9065,Happy
0.4965,0.2259,0.4092,76.6209,1.0,-8.1407,Calm
0.7841,0.8567,0.7973,100.7551,0.0386,-6.8448,Happy
0.3135,0.2442,0.3957,76.1768,0.5397,-8.1614,Sad
0.4608,0.2664,0.4867,75.1495,0.7579,-14.1753,Calm
0.7743,0.8778,0.6134,154.0622,0.0186,-4.0203,Energetic
0.3254,0.3979,0.3043,50.0,0.7568,-12.6404,Sad
0.9065,0.8159,0.6629,110.2106,0.1684,-7.7132,Happy
0.7352,0.1514,0.5549,109.6937,0.6527,-17.9463,Calm
0.2352,0.2076,0.1964,76.1205,0.6182,-14.7544,Sad
0.9644,0.6548,0.6965,116.3377,0.1833,-3.4001,Happy
0.7185,0.6623,0.8032,122.2563,0.1356,-6.0707,Happy
0.338,0.2193,0.4002,79.8125,0.7829,-19.5156,Calm
0.6438,0.6931,0.7408,125.9883,0.1787,-6.2871,Happy
0.4033,0.3187,0.1795,68.1656,0.954,-20.2141,Calm
0.3578,0.7994,0.8255,145.7957,0.2228,-5.1121,Energetic
0.4278,0.2771,0.4954,73.8893,0.5351,-15.2869,Calm
0.8214,0.5778,0.8081,126.4506,0.2299,-2.6246,Happy
0.7671,0.7444,0.8669,133.0869,0.1796,-1.4555,Happy
0.7758,0.732,0.4918,135.7433,0.3086,-4.3538,Happy
0.582,0.844,0.7981,126.9761,0.1897,-6.9978,Energetic
0.3923,0.1883,0.4052,53.1528,0.6847,-11.327,Sad
0.649,0.9161,0.8575,160.8977,0.0,0.0,Energetic
0.5844,0.2736,0.3412,88.9614,0.8787,-11.6444,Calm
0.3276,0.2601,0.414,93.4868,0.8546,-14.348,Calm
0.3362,0.2019,0.4724,80.4922,0.6004,-12.1926,Sad
0.2305,0.2496,0.4358,81.4178,0.6355,-13.3636,Sad
0.6956,0.6194,0.8593,137.9257,0.1815,-5.7444,Happy
0.5568,0.8288,0.8498,123.9471,0.0619,-2.454,Energetic
0.59,0.8065,0.7864,152.4743,0.1774,-2.9686,Energetic
0.7503,0.9122,0.7251,140.6835,0.1632,-3.9335,Energetic
0.7499,0.2612,0.3129,77.0242,0.77,-10.7791,Calm
0.3533,0.2189,0.2737,74.5966,0.9132,-13.5776,Sad
0.5628,0.8803,0.8,150.5224,0.1307,-1.4584,Energetic
0.4793,0.299,0.3227,71.8191,0.6603,-10.8499,Calm
0.1908,0.4373,0.2733,62.4955,0.4824,-8.919,Sad
0.1904,0.1748,0.2632,89.6155,0.4942,-20.0,Sad
0.7247,0.8401,0.6387,135.3386,0.1419,-5.4921,Happy
0.6386,0.9325,0.7807,162.2294,0.0745,-0.4949,Energetic
0.6319,0.3058,0.5337,85.867,0.6175,-19.8548,Calm
0.3122,0.4617,0.5927,77.6013,0.7148,-9.9138,Sad
0.213,0.2338,0.4313,64.8189,0.8419,-16.158,Sad
0.6626,0.9336,0.7692,141.9293,0.0835,-4.6849,Energetic
0.7513,0.7777,0.6273,96.6513,0.1331,-2.5657,Happy
0.6592,0.7524,0.7481,113.3035,0.1165,-7.0484,Happy
0.5384,0.2486,0.2655,70.9662,0.8659,-15.1034,Calm
0.4483,0.9941,0.77,141.2192,0.1061,-4.3134,Energetic
0.2424,0.155,0.4931,75.9298,0.4887,-8.5607,Sad
0.7314,0.8733,0.6453,139.9373,0.2076,-6.4944,Happy
0.8663,0.7527,0.5621,121.563,0.1866,-6.2453,Happy
0.4883,0.1811,0.3672,88.3966,0.6104,-19.8023,Calm
0.757,0.5721,0.6984,105.1711,0.1113,-5.8586,Happy
0.5148,0.9947,0.7723,147.4371,0.0,-2.1444,Energetic
0.1409,0.2766,0.4183,68.8028,0.6838,-10.7986,Sad
0.35,1.0,0.7921,150.9644,0.0986,-0.298,Energetic
0.6435,0.0552,0.3793,89.3747,0.4055,-14.9272,Calm
0.5766,0.8859,0.8162,150.8286,0.0661,-3.5497,Energetic
0.7195,1.0,0.748,133.1955,0.2331,0.0,Energetic
0.7406,0.8033,0.6367,110.0,0.0012,-3.0184,Energetic
0.2491,0.2137,0.2094,50.0,0.54,-7.6004,Sad
0.5764,0.856,0.8554,110.0,0.2182,-4.1143,Energetic
0.6456,0.92,0.6306,151.0877,0.1054,-2.377,Energetic
0.0364,0.3887,0.1,66.385,0.4644,-8.7337,Sad
0.239,0.1637,0.4944,63.8796,0.7129,-12.227,Sad
0.6087,0.8934,0.7399,136.677,0.0188,0.0,Energetic
0.4372,0.1671,0.4447,99.5456,0.8444,-9.982,Calm
0.2639,0.2586,0.418,101.6831,0.592,-13.4148,Calm
0.3896,0.5,0.4222,71.5815,0.9227,-15.0721,Sad
0.3138,0.3882,0.4049,95.8662,0.6049,-6.0253,Sad
0.5,0.9353,0.5592,113.3072,0.3213,-4.0671,Happy
0.2865,0.2629,0.3968,84.1009,0.9751,-16.5243,Calm
0.5992,0.8612,0.8343,150.0792,0.0732,-2.8762,Energetic
0.1825,0.4052,0.1623,74.4539,0.6778,-8.4581,Sad
0.424,0.1706,0.5218,83.636,0.9695,-11.1057,Calm
0.4817,0.8739,0.9357,133.7385,0.2056,0.0,Energetic
0.7308,0.7532,0.6962,146.0395,0.201,-5.361,Happy
0.1879,0.2934,0.1281,79.4248,0.5366,-11.3766,Sad
0.5137,0.8709,0.641,119.7124,0.0954,-1.9966,Energetic
0.6939,0.993,0.7611,136.789,0.079,-2.1995,Energetic
0.8013,0.6623,0.7444,120.4033,0.0,-4.8277,Happy
0.6737,0.1167,0.2306,89.6945,1.0,-9.9008,Calm
0.2337,0.365,0.47,71.5506,0.5942,-12.5495,Sad
0.743,0.9144,0.8014,151.7394,0.1081,-1.5206,Energetic
0.6157,0.0733,0.5072,78.7978,0.756,-13.9367,Calm
0.25,0.2908,0.4233,95.5608,0.5305,-14.0153,Calm
0.7034,0.8299,0.6944,123.2873,0.1307,-5.3873,Happy
0.2241,0.3426,0.3221,81.8775,0.8063,-10.4832,Sad
0.5169,0.8086,0.7904,150.5516,0.1261,-4.6354,Energetic
0.1681,0.3261,0.4355,95.9684,0.6722,-12.0968,Sad
0.7384,0.7445,0.674,129.753,0.1418,-1.6775,Happy
0.9397,0.7958,0.8771,137.4124,0.1067,-6.0095,Happy
0.1712,0.2563,0.3586,80.7848,0.6209,-9.4778,Sad
0.3116,0.264,0.385,90.1645,0.8255,-14.4959,Sad
0.607,0.6192,0.7334,128.4586,0.2395,-5.3518,Happy
0.3638,0.975,0.7115,132.7382,0.139,-4.7033,Energetic
0.0,0.442,0.392,89.9627,0.3636,-11.2423,Sad
0.664,0.7618,0.8009,130.7962,0.0342,-4.2708,Energetic
0.1678,0.0847,0.241,78.8887,0.6241,-7.8705,Sad
0.3872,0.3015,0.3913,80.5766,0.5698,-15.4335,Calm
0.5922,0.9049,0.5478,128.7596,0.0514,-1.9006,Energetic
0.5818,0.8258,0.8106,123.8024,0.1509,0.0,Energetic
0.4924,0.1395,0.4725,66.9217,0.4088,-13.571,Calm
0.5216,0.3823,0.491,77.6981,0.7827,-10.4388,Calm
0.6579,0.1617,0.5869,67.221,0.7221,-12.4972,Calm
0.4807,0.2647,0.3198,86.6223,0.7922,-9.1839,Calm
0.6792,0.6767,0.7471,153.7865,0.2381,-3.0943,Happy
0.2862,0.2426,0.313,68.6283,0.717,-16.0264,Sad
0.6938,0.7221,0.7129,124.1853,0.3248,-5.2435,Happy
0.4523,0.2326,0.3369,67.7082,0.7088,-13.835,Calm
0.2669,0.3022,0.1969,98.551,0.3695,-8.6884,Sad
0.7298,0.7815,0.5,143.9843,0.1522,-2.9078,Energetic
0.5766,0.1717,0.3129,77.5705,0.7549,-13.026,Calm
0.6703,0.8031,0.8015,138.7593,0.0,0.0,Energetic
0.8186,0.6537,0.9299,129.581,0.1635,-3.5224,Happy
1.0,0.832,0.7621,132.7533,0.3826,-5.8632,Happy
0.7265,0.8438,0.6815,128.5887,0.2322,-6.456,Happy
0.2777,0.3779,0.4289,83.9401,0.7636,-19.4798,Sad
0.7568,0.6382,0.8882,121.9945,0.2634,-5.453,Happy
0.3892,0.2625,0.292,77.3403,0.5667,-11.7643,Sad
0.6174,0.7,0.7699,152.5665,0.1898,-3.5139,Energetic
0.5459,0.1284,0.4958,92.9625,0.6089,-10.4262,Calm
0.712,0.2431,0.4126,95.5874,0.4849,-13.5099,Calm
0.6134,0.8953,0.6962,155.8672,0.0,0.0,Energetic
0.483,0.2315,0.3273,87.1839,0.6564,-9.669,Calm
0.2371,0.3165,0.525,79.9784,0.7415,-9.8818,Sad
0.2997,0.3791,0.2574,63.9064,0.6444,-7.9613,Sad
0.5792,0.2913,0.4722,98.4973,0.6055,-13.3037,Calm
0.7263,0.6222,0.789,119.1357,0.2269,-4.619,Happy
0.8554,0.7763,0.6538,117.9062,0.2719,-2.7806,Happy
0.5008,0.0831,0.4837,96.7415,0.4448,-13.1373,Calm
0.6111,0.1886,0.6492,80.3455,0.7548,-12.7029,Calm
0.7172,0.9031,0.7616,109.7702,0.2838,-3.1921,Happy
0.4368,0.257,0.3941,82.7788,0.8023,-20.3295,Calm
0.7862,0.7298,0.4349,119.3976,0.1264,-8.1251,Happy
0.5528,0.7129,0.8357,137.7482,0.0908,-5.8221,Energetic
0.9633,0.7382,0.7682,105.1556,0.2225,-4.8351,Happy
0.5314,0.7346,0.6445,135.8368,0.0,-0.9411,Energetic
0.6998,0.735,0.7713,102.6245,0.0669,-3.6138,Happy
0.45,0.1789,0.3083,72.0794,0.6562,-5.1827,Sad
0.5803,0.9217,0.6599,147.6524,0.1569,-2.8409,Energetic
0.7732,0.7704,0.8054,123.9101,0.2759,-5.7063,Happy
0.8322,0.6433,0.6222,91.6569,0.2142,-5.0713,Happy
0.6469,0.1305,0.3983,68.3999,0.4648,-12.6176,Calm
0.2501,0.2036,0.4179,78.1682,0.5207,-5.6257,Sad
0.2877,0.2101,0.2122,67.9336,0.5439,-12.3345,Sad
0.4996,0.9131,0.8203,159.6754,0.0701,-1.4585,Energetic
0.6653,0.8887,0.693,116.1144,0.2032,-4.4334,Happy
0.6064,0.8876,0.6202,124.2179,0.139,-1.6099,Happy
0.5475,0.634,0.8551,137.8421,0.1751,-7.1074,Happy
0.3016,0.2748,0.3297,91.6601,0.7841,-10.0052,Sad
0.4194,0.4,0.3669,101.8241,0.8348,-15.2092,Calm
0.2694,0.3409,0.4053,61.7245,0.8655,-15.8976,Sad
0.6331,0.7316,0.715,112.7417,0.1695,-6.5036,Happy
0.6444,0.7867,0.7153,135.4497,0.0393,-1.5421,Energetic
0.6143,0.2633,0.4394,84.504,0.6982,-12.1253,Calm
0.5297,0.8283,0.5464,136.2708,0.1192,-4.9316,Energetic
0.1731,0.323,0.3299,66.2285,0.9001,-6.8639,Sad
0.6893,0.9333,0.8004,126.8229,0.1496,-2.0928,Energetic
0.5339,0.8643,0.7096,149.9805,0.2309,-2.1683,Energetic
0.3739,0.0657,0.6338,84.013,0.638,-9.1763,Calm
0.7555,0.886,0.865,136.4613,0.1273,-2.6649,Energetic
0.6509,0.6235,0.7018,120.5701,0.1061,-5.8946,Happy
0.7465,0.8751,0.7114,110.2287,0.0935,-4.4025,Happy
0.2695,0.3034,0.345,67.9846,0.7664,-15.1818,Sad
0.5142,0.8943,0.8441,152.2097,0.147,-3.204,Energetic
0.4545,0.2738,0.3837,65.9183,0.6643,-11.1623,Calm
0.7191,0.6911,0.6976,126.8513,0.2419,-6.6064,Happy
0.6001,0.814,0.653,146.195,0.0434,-2.8438,Energetic
0.638,0.9402,0.6814,128.0579,0.0823,-5.4338,Energetic
0.6819,0.4,0.4576,81.8927,0.7361,-17.1981,Calm
0.6009,0.8735,0.6664,124.916,0.1697,-2.7253,Energetic
0.5641,0.2547,0.3058,96.5058,0.8369,-12.7327,Calm
0.3572,0.3878,0.4399,84.9077,0.7289,-15.8925,Calm
0.7904,0.7823,0.7606,125.9023,0.1102,-6.9067,Happy
0.632,0.9072,0.6321,130.4362,0.1074,-2.8995,Energetic
0.2089,0.3466,0.3291,72.6424,0.7539,-11.6068,Sad
0.706,0.5329,0.7659,128.9213,0.0804,-4.7536,Happy
0.6437,0.8372,0.8535,135.493,0.2875,-3.0217,Energetic
0.7039,0.5752,0.4303,97.1171,0.2034,-6.9968,Happy
0.2927,0.1357,0.2809,72.5463,0.8296,-12.411,Sad
0.5088,0.8699,0.7635,124.1734,0.0,-1.6022,Energetic
0.7885,0.7739,0.8053,118.7893,0.2185,-1.1221,Happy
0.7157,0.7205,0.6296,120.8945,0.1825,-6.2919,Happy
0.7266,0.7179,0.7413,122.8665,0.2049,-5.3404,Happy
0.7074,0.8758,0.5696,126.5325,0.0776,-1.3663,Energetic
0.4507,0.12,0.4745,61.6977,0.771,-12.2358,Calm
0.6823,0.8058,0.6731,101.2269,0.0006,-6.756,Happy
0.6476,0.6874,0.8796,95.319,0.1149,-8.2039,Happy
0.4095,0.1381,0.3326,96.4959,0.8335,-18.3815,Calm
0.2157,0.1436,0.3192,60.9866,0.5596,-7.2341,Sad
0.5458,0.2369,0.2491,82.7457,0.6001,-14.1546,Calm
0.4749,0.9975,0.6833,162.0655,0.1229,-0.9462,Energetic
0.7309,0.9072,0.6622,142.0797,0.0,-3.5496,Energetic
0.7007,0.847,0.707,142.9436,0.0025,-3.0826,Energetic
0.0697,0.1811,0.5173,77.9917,0.7335,-8.6975,Sad
0.0618,0.3051,0.4881,80.5595,0.6735,-12.728,Sad
0.6383,0.8592,0.835,122.2542,0.1025,-0.2735,Energetic
0.3397,0.1998,0.2582,58.2083,0.4404,-15.0443,Sad
0.7797,0.6141,0.5593,140.7014,0.1775,0.0,Happy
0.8087,0.7845,0.7171,145.9131,0.2064,-1.2534,Happy
0.4251,0.2232,0.2749,82.9804,0.7446,-16.1339,Calm
0.1882,0.4117,0.2491,85.9364,0.5126,-15.8102,Sad
0.6399,0.8576,0.7626,159.3691,0.0104,-3.6738,Energetic
0.7431,0.8374,0.744,151.8779,0.0939,-1.4108,Energetic
0.7824,0.7511,0.8849,116.3815,0.2331,-5.2003,Happy
0.6596,0.8253,0.6904,129.9922,0.0641,-3.8577,Energetic
0.4781,0.8851,0.8443,132.963,0.0322,-2.4424,Energetic
0.3419,0.3231,0.2784,73.1899,0.5324,-11.7685,Sad
0.4843,0.1927,0.65,89.7688,0.7048,-16.6301,Calm
0.5893,0.5133,0.6375,136.1802,0.2437,-5.1593,Happy
0.3094,0.3348,0.3538,67.3523,0.5081,-12.2742,Sad
0.5009,0.9199,0.6408,125.5076,0.1119,-4.0584,Energetic
0.2205,0.3488,0.384,78.6133,0.737,-13.2132,Sad
0.6354,0.3148,0.4302,76.0305,0.4411,-12.0186,Calm
0.6421,0.363,0.2305,79.6623,0.5032,-15.3796,Calm
0.2369,0.5,0.4547,98.4499,0.83,-11.4116,Sad
0.6088,0.707,0.7224,122.9113,0.4145,-1.2918,Happy
0.6724,0.897,0.6721,137.1761,0.1506,-0.9191,Energetic
0.6279,0.7053,0.5345,112.4692,0.3639,-8.1894,Happy
0.5196,0.9015,0.6599,138.7862,0.2822,-2.6032,Energetic
0.2713,0.5,0.3315,84.007,0.5485,-16.1174,Sad
0.6585,1.0,0.6656,132.6729,0.0648,-2.5644,Energetic
0.4997,0.1992,0.3116,85.4509,0.6952,-10.3825,Calm
0.1373,0.3356,0.4745,65.0033,0.7359,-11.6215,Sad
0.5852,0.7477,0.555,157.7638,0.2634,-3.4411,Energetic
0.1991,0.305,0.4441,72.2454,0.4618,-14.4372,Sad
0.6333,0.9473,0.8091,143.6913,0.0959,-6.254,Energetic
0.5328,0.1977,0.3838,91.3682,0.9476,-9.1831,Calm
0.504,0.9699,0.6911,138.2804,0.0,-2.7943,Energetic
0.6172,0.7613,0.571,123.657,0.2569,-7.3398,Happy
0.8327,0.6951,0.543,112.5937,0.1791,-5.6446,Happy
0.7165,0.6403,0.7492,120.2337,0.1349,-4.5233,Happy
0.4807,0.9602,0.6832,130.8747,0.2279,-3.5448,Energetic
0.6401,0.1317,0.3939,93.4377,0.8027,-14.9269,Calm
0.5232,0.2805,0.279,74.0742,0.7486,-7.8205,Calm
0.6557,0.9718,0.6893,124.444,0.1452,0.0,Energetic
0.4323,0.3772,0.3406,104.1301,0.727,-13.8709,Calm
0.2932,0.4422,0.3436,79.5959,0.9244,-16.7928,Sad
0.7793,0.667,0.6051,111.7454,0.1423,-4.323,Happy
0.5852,0.8555,0.8953,136.717,0.2081,-4.3847,Energetic
0.6448,0.8835,0.826,126.555,0.045,-3.1839,Energetic
0.4671,0.8277,0.7797,133.8967,0.0783,-0.6755,Energetic
0.8088,0.635,0.6641,116.6305,0.0239,-6.5043,Happy
0.4863,0.8565,0.802,157.1644,0.1193,-4.3673,Energetic
0.5735,0.1564,0.3414,105.8913,0.4788,-18.4376,Calm
0.4979,0.7343,0.7703,157.8967,0.0621,-6.9101,Energetic
0.4683,0.8461,0.8795,149.6838,0.1488,-5.1924,Energetic
0.3426,0.4236,0.4126,78.2407,0.747,-9.2879,Sad
0.6631,0.1264,0.4929,82.8701,0.5724,-19.0426,Calm
0.6952,0.8233,0.7973,129.8115,0.0632,-2.3843,Energetic
0.6309,0.8721,0.7824,154.2696,0.0908,-5.9923,Energetic
0.7814,0.689,0.7726,122.7991,0.2279,-3.7384,Happy
0.6934,0.7886,0.7348,121.8005,0.1856,-2.438,Happy
0.2275,0.2981,0.3271,62.2931,0.5883,-16.6469,Sad
0.7016,0.6788,0.6429,135.1473,0.0239,-2.2527,Happy
0.4351,0.1327,0.3644,83.019,0.5996,-11.1191,Calm
0.4402,0.2889,0.4057,63.4831,0.4559,-16.1729,Calm
0.7053,0.7192,0.743,118.926,0.246,-3.8266,Happy
0.7802,0.6452,0.8103,122.9687,0.0688,0.0,Happy
0.75,0.0777,0.2918,79.3628,0.6317,-12.1891,Calm
0.6172,0.8508,0.8381,110.0,0.1068,-5.6614,Energetic
0.5064,0.9728,0.7994,150.3571,0.0409,-5.0599,Energetic
0.8126,0.7072,0.7178,114.7702,0.2678,-4.1925,Happy
0.2439,0.2098,0.3677,88.0918,0.5209,-14.8138,Sad
0.2473,0.3418,0.2893,50.0,0.7569,-9.5535,Sad
0.3469,0.2897,0.2716,79.6359,0.7138,-9.9632,Sad
0.75,0.2164,0.2853,81.0852,0.7765,-10.3282,Calm
0.5099,0.2866,0.5221,78.8179,0.8073,-14.8307,Calm
0.4806,0.9453,0.6846,149.5599,0.2399,-1.0559,Energetic
0.51,0.252,0.3642,98.882,0.5868,-11.7768,Calm
0.0496,0.2383,0.3582,83.0239,0.5713,-10.7268,Sad
0.2192,0.268,0.2714,72.8787,0.6803,-7.6472,Sad
0.678,0.7432,0.6727,103.9487,0.0776,-4.0625,Happy
0.3624,0.3679,0.4964,63.7619,0.43,-9.0666,Sad
0.7974,0.6165,0.7185,137.5909,0.2392,-2.3648,Happy
0.7443,0.4,0.4064,75.8075,0.5568,-13.9635,Calm
0.6684,0.5,0.6438,127.1556,0.3712,-5.7336,Happy
0.6487,0.7882,0.7109,129.1184,0.1327,-1.9731,Happy
0.1737,0.4795,0.2362,79.3014,0.4733,-14.6303,Sad
0.7844,0.6482,0.6769,119.3162,0.2234,-3.4678,Happy
0.8356,0.868,0.7208,119.4417,0.1322,-5.9498,Happy
0.25,0.2521,0.3129,76.0225,0.7162,-9.9388,Sad
0.2306,0.3422,0.4168,97.1833,0.9173,-10.5737,Sad
0.4976,0.2215,0.3105,85.7741,0.5654,-10.9933,Calm
0.541,0.1997,0.482,86.6683,0.6404,-15.2889,Calm
0.7418,0.8285,0.7602,163.89,0.203,-2.0488,Energetic
0.5044,0.4,0.4134,83.4818,0.6923,-16.0152,Calm
0.1528,0.1274,0.3872,50.0,0.7968,-12.9065,Sad
0.4027,0.3445,0.4829,85.2352,0.6741,-13.4197,Calm
0.6262,0.9471,0.8044,96.4425,0.16,-3.4799,Happy
0.4868,0.359,0.2545,79.4011,0.9676,-13.0325,Calm
0.6255,0.8387,0.6536,159.0886,0.349,-1.4824,Energetic
0.4928,0.2579,0.4817,84.4585,0.6938,-17.9033,Calm
0.8589,0.5395,0.8453,102.8048,0.0034,-2.828,Happy
0.6349,0.8358,0.601,111.6162,0.2044,-1.2308,Happy
0.9086,0.7833,0.6511,133.7747,0.3727,-8.0094,Happy
0.6126,0.1304,0.5007,91.9814,0.551,-16.2132,Calm
0.2968,0.2046,0.4418,94.5115,0.4968,-15.8289,Sad
0.586,0.3479,0.4969,82.6789,0.5791,-14.3414,Calm
0.3804,0.4581,0.4369,78.038,0.4228,-14.1271,Sad
0.818,0.6296,0.6718,124.9314,0.1723,-1.3236,Happy
0.554,0.6879,0.7073,130.6253,0.1446,-6.0654,Happy
0.6406,0.9703,0.8429,140.2122,0.0582,-5.2561,Energetic
0.4231,0.9075,0.6939,136.5593,0.1348,-2.1522,Energetic
0.3859,0.1701,0.4113,81.5451,0.728,-13.0567,Calm
0.381,0.2165,0.3804,69.1062,0.54,-17.048,Sad
0.3634,0.2918,0.3265,89.7478,0.5876,-12.656,Sad
0.3787,0.8208,0.6655,114.6399,0.1068,-4.8175,Energetic
0.459,0.3799,0.4186,87.9405,0.6934,-15.0769,Calm
0.6318,0.8416,0.7686,153.7837,0.2288,-2.5724,Energetic
0.7487,0.7276,0.6842,98.2798,0.1912,-4.3537,Happy
0.5163,0.3383,0.5041,90.2738,0.8609,-13.1259,Calm
0.5024,0.1989,0.4085,98.8721,0.5652,-12.921,Calm
0.7673,0.8723,0.5919,130.9896,0.1635,-4.7472,Happy
0.5265,0.219,0.5582,81.9035,0.681,-15.1629,Calm
0.5112,0.2825,0.2695,81.3278,0.384,-16.8462,Calm
0.5896,0.1065,0.2467,92.1892,0.9501,-13.6486,Calm
0.2192,0.325,0.231,78.9541,0.8418,-11.8464,Sad
0.5774,0.2159,0.3139,93.5961,0.6997,-17.858,Calm
0.478,0.2862,0.2722,89.2919,0.7046,-13.037,Calm
0.3792,0.4,0.492,81.7606,0.5907,-11.8107,Calm
0.25,0.1833,0.5167,68.1163,0.5302,-19.6584,Calm
0.4334,0.775,0.7987,125.107,0.0661,-3.4173,Energetic
0.205,0.326,0.3237,77.3977,0.7331,-15.1987,Sad
0.6525,0.9165,0.6424,131.5755,0.1985,-2.3658,Happy
0.4657,0.9754,0.9593,143.1421,0.1795,-2.5627,Energetic
0.4106,0.1526,0.2866,77.7061,0.5312,-14.3131,Calm
0.8659,0.65,0.956,137.2315,0.212,-9.2437,Happy
0.6323,0.8704,0.6414,147.7699,0.0412,-5.3968,Energetic
0.6369,0.9215,0.5902,136.1949,0.1743,-1.3455,Energetic
0.4727,0.4,0.4534,79.7472,0.9193,-9.9603,Calm
0.6292,0.9015,0.8257,158.0368,0.183,-7.4989,Energetic
0.7202,0.8453,0.9177,121.0399,0.0723,-1.3937,Energetic
0.6051,0.2818,0.5094,92.2941,1.0,-10.5099,Calm
0.4874,0.2874,0.3653,63.8153,0.6938,-8.6735,Calm
0.682,0.6214,0.6024,127.4105,0.2541,-4.6112,Happy
0.4421,0.2523,0.2663,95.8785,0.6021,-9.3192,Calm
0.5198,0.2172,0.2867,80.6119,0.367,-11.8558,Calm
0.3438,0.3888,0.4775,90.0858,0.7177,-13.6008,Sad
0.7473,0.6075,0.6903,122.964,0.2818,-8.1264,Happy
0.7564,0.5572,0.858,124.5395,0.4056,-6.0719,Happy
0.5894,0.2973,0.3667,100.2155,0.7215,-15.6651,Calm
0.6592,0.9589,0.7002,136.1558,0.1281,-2.2491,Energetic
0.6698,0.7247,0.5592,110.2959,0.1244,-6.5984,Happy
0.3248,0.2352,0.6,85.1419,0.5582,-12.2317,Sad
0.2028,0.2753,0.2649,51.8679,0.8983,-13.5965,Sad
0.8277,0.8616,0.6127,157.7019,0.095,-1.6217,Energetic
0.1992,0.277,0.3969,73.5275,0.6005,-14.0871,Sad
0.3745,0.3495,0.4143,80.4308,0.823,-9.3918,Calm
0.3585,0.0976,0.4964,83.7269,0.6662,-14.0946,Calm
0.4628,0.9043,0.6141,152.1338,0.0004,-3.8293,Energetic
0.8252,0.7268,0.6943,126.3625,0.1813,-2.7031,Happy
0.8112,0.704,0.5893,141.6565,0.2374,-6.6538,Happy
0.7846,0.8155,0.5648,125.9371,0.0198,-4.3484,Happy
0.287,0.1707,0.2888,62.9513,0.8106,-12.2965,Sad
0.3478,0.2848,0.5449,74.4399,0.605,-14.8495,Calm
0.8014,0.6336,0.6521,104.1988,0.3501,-1.2002,Happy
0.4061,0.3839,0.3778,76.7719,0.7579,-15.1712,Calm
0.6193,0.9582,0.7408,131.9353,0.1105,-3.3683,Energetic
0.5491,0.1243,0.2569,96.9672,0.9309,-6.0,Calm
0.7546,0.7134,0.5996,144.2057,0.286,-5.0388,Happy
0.7031,0.7747,0.5221,129.6823,0.0597,-4.8232,Happy
0.8157,0.6002,0.77,114.4408,0.2183,-2.7202,Happy
0.7709,0.6375,0.7823,104.6815,0.3678,-3.9728,Happy
0.1594,0.1549,0.5371,61.7416,0.3,-12.383,Sad
0.6661,0.8216,0.7711,152.5902,0.3039,-4.7044,Energetic
0.8532,0.7454,0.8189,100.1537,0.4602,-8.6613,Happy
0.0986,0.4125,0.3228,87.2845,0.9332,-15.0773,Sad
0.7672,0.9568,0.6695,147.2928,0.1711,-2.5207,Energetic
0.441,0.1763,0.2522,57.9665,0.6241,-17.8146,Calm
0.6362,0.8995,0.6305,144.1863,0.0205,-4.1728,Energetic
0.3736,0.2452,0.4082,74.1764,0.5191,-8.064,Sad
0.6056,0.7672,0.8679,171.126,0.0989,-3.1393,Energetic
0.5913,0.2894,0.3395,85.9893,1.0,-13.0708,Calm
0.655,0.2311,0.4302,77.456,0.9522,-18.0923,Calm
0.2908,0.3167,0.4498,80.5682,0.7656,-12.5727,Calm
0.5,0.8071,0.8548,99.1564,0.1791,-4.8491,Happy
0.6041,0.7809,0.7244,122.1951,0.1605,-3.9613,Energetic
0.7807,0.6221,0.7147,128.2873,0.3208,-6.5921,Happy
0.4539,0.2576,0.396,94.0595,0.5957,-14.1739,Calm
0.0699,0.253,0.3375,96.9907,0.7083,-13.6503,Sad
0.775,0.7137,0.6077,110.6166,0.083,-3.8407,Happy
0.4734,0.2793,0.3584,85.9081,0.9698,-10.7506,Calm
0.3156,0.2324,0.32,50.0,0.4524,-11.8432,Sad
0.7046,0.3613,0.3637,68.7549,0.5876,-18.3949,Calm
0.5514,0.4,0.2452,67.9332,0.5612,-7.7267,Calm
0.3509,0.8528,0.7795,152.9215,0.1312,-4.5517,Energetic
0.5404,0.9065,0.5658,124.3971,0.0355,-4.1482,Energetic
0.4798,0.2185,0.3685,88.2302,0.6855,-20.0751,Calm
0.25,0.2501,0.5333,63.9883,0.9807,-13.8972,Calm
0.3325,0.406,0.2592,89.4719,0.7405,-13.5944,Sad
0.6549,0.8259,0.7422,151.4936,0.0477,-4.3181,Energetic
0.4264,0.2275,0.4069,86.0091,0.641,-12.5582,Calm
0.4075,0.2609,0.2034,101.7045,0.6113,-14.2018,Calm
0.1859,0.2402,0.27,70.3797,0.7839,-14.7737,Sad
0.4579,0.8072,0.5282,141.677,0.1319,-1.9194,Energetic
0.4277,0.8816,0.7544,141.0176,0.0585,-2.7857,Energetic
0.728,0.0577,0.4964,93.3186,0.8803,-12.9712,Calm
0.618,0.626,0.6245,96.3541,0.2934,-3.0285,Happy
0.6263,0.7567,0.7187,129.7848,0.0,-5.3743,Happy
0.3417,0.2858,0.3597,86.9051,0.4979,-9.8762,Calm
0.6308,0.1715,0.3635,78.8489,0.8296,-12.5034,Calm
0.1472,0.449,0.3763,71.4407,0.3425,-7.1146,Sad
0.3673,0.372,0.3169,79.1976,0.8974,-11.4136,Sad
0.4259,0.2534,0.3575,68.7019,0.7686,-11.4405,Calm
0.6171,0.2343,0.4341,60.0746,0.6182,-16.9943,Calm
0.7059,0.1098,0.4521,98.4363,0.8124,-9.9735,Calm
0.8655,0.893,0.6612,149.8311,0.0887,-5.2604,Energetic
0.3145,0.1929,0.3755,83.1763,0.5458,-8.9294,Sad
0.7973,0.6553,0.7834,135.4543,0.3302,-5.9292,Happy
0.4381,0.921,0.6643,149.8664,0.2142,-5.1474,Energetic
0.7685,0.7111,0.7026,119.4224,0.3191,-4.0953,Happy
0.6395,0.8927,0.7547,149.3992,0.2003,-4.0771,Energetic
0.5541,0.1952,0.432,67.7391,0.7402,-10.0717,Calm
0.7654,0.701,0.7682,90.027,0.1028,-6.3555,Happy
0.4932,0.8391,0.8053,125.3225,0.0145,0.0,Energetic
0.7115,0.8344,0.8188,103.4462,0.1563,-6.3848,Happy
0.835,0.7534,0.8169,124.7967,0.2185,-3.6573,Happy
0.6423,0.0687,0.3977,89.8272,0.5352,-13.8408,Calm
0.3197,0.4804,0.4071,77.206,0.544,-10.5257,Sad
0.8903,0.6951,0.5652,119.6347,0.193,-3.1615,Happy
0.8583,0.5801,0.7096,151.3256,0.3186,-3.7306,Happy
0.5523,0.8528,0.8196,154.3676,0.2915,-3.9959,Energetic
0.7025,0.7777,0.7289,103.5559,0.1471,-3.0496,Happy
0.5278,0.4,0.436,72.721,0.6613,-9.9408,Calm
0.2474,0.0788,0.295,69.1536,0.6221,-8.6823,Sad
0.5561,0.9493,0.8768,131.9786,0.0027,-4.0792,Energetic
0.7582,0.7951,0.8065,135.7598,0.2508,-5.871,Happy
0.5781,0.9661,0.8392,169.1779,0.1061,-1.9272,Energetic
0.7362,0.664,0.6078,114.0999,0.1571,-6.1024,Happy
0.756,0.5666,0.6455,151.1289,0.339,-3.2338,Happy
0.712,0.995,0.6515,146.3267,0.1537,-4.6929,Energetic
0.5133,0.1514,0.502,72.5441,0.6483,-10.4865,Calm
0.3382,0.1846,0.5591,82.0717,0.8236,-12.3238,Calm
0.2108,0.3584,0.2241,56.8003,0.3309,-13.8424,Sad
0.6375,0.9338,0.7208,143.2895,0.0,-2.9679,Energetic
0.452,0.3422,0.3071,78.9484,0.592,-12.6495,Calm
0.1781,0.2006,0.3841,85.6228,0.3,-14.9469,Sad
0.6939,0.8604,0.7993,146.1583,0.0551,-1.5068,Energetic
0.6047,0.9243,0.7035,127.4166,0.0341,-2.8753,Energetic
0.4552,0.3058,0.4185,98.4267,0.7554,-8.264,Calm
0.6917,0.9124,0.792,151.4579,0.1638,-3.0285,Energetic
0.5717,0.9421,0.6889,147.5125,0.147,-2.2147,Energetic
0.5055,0.2501,0.4742,69.1493,0.8,-14.7402,Calm
0.3475,0.2359,0.3601,100.223,0.5635,-19.8049,Calm
0.5609,0.8078,0.6142,137.0271,0.0961,-3.3382,Energetic
0.4663,0.9439,0.5957,148.7647,0.1425,-2.753,Energetic
0.5765,0.2675,0.4481,63.355,0.9151,-11.3815,Calm
0.2024,0.2631,0.2408,86.1863,0.5178,-10.0784,Sad
0.5528,0.9948,0.5988,125.232,0.2099,-3.8926,Energetic
0.3704,0.1674,0.1935,64.8442,0.6701,-13.9148,Sad
0.0,0.2994,0.391,76.101,0.6926,-13.7453,Sad
0.593,0.1995,0.2435,86.4901,0.7237,-11.9391,Calm
0.1805,0.3699,0.5309,86.9588,0.6519,-11.0074,Sad
0.7715,0.8727,0.656,115.7493,0.0691,-1.3613,Energetic
0.5045,0.1779,0.334,102.0955,0.5043,-12.9387,Calm
0.3453,0.2536,0.4596,50.0,0.533,-15.0318,Sad
0.6036,0.6731,0.669,115.7835,0.1901,-7.0195,Happy
0.4105,0.2527,0.3886,71.3556,0.7852,-7.8539,Calm
0.2397,0.4113,0.2552,62.3213,0.8259,-8.4162,Sad
0.6386,0.7669,0.9448,136.6152,0.1066,-1.4983,Energetic
0.5741,0.7515,0.8663,145.763,0.0,-4.8551,Energetic
0.6699,0.8984,0.6542,134.0018,0.0435,-2.6766,Energetic
0.3521,0.1518,0.4044,91.064,1.0,-20.8573,Calm
0.8015,0.6608,0.7222,129.1916,0.0578,-3.6549,Happy
0.2064,0.5,0.3007,70.044,0.6358,-12.2219,Sad
0.6009,0.9664,0.834,137.1369,0.0474,-0.3545,Energetic
0.4332,0.772,0.7823,140.2277,0.0057,-5.4845,Energetic
0.4099,0.3019,0.322,53.5696,0.7375,-7.5327,Sad
0.483,0.8933,0.6974,130.375,0.0248,-0.8158,Energetic
0.5551,0.3373,0.3642,80.703,0.8846,-18.2213,Calm
0.4785,0.2628,0.3184,101.2336,0.5433,-17.4708,Calm
0.4812,0.8382,0.691,112.6837,0.1548,-0.9322,Energetic
0.5785,0.9507,0.8298,131.1633,0.1528,-3.0798,Energetic
0.4956,0.2524,0.4049,95.7803,0.825,-10.65,Calm
0.6699,0.8577,0.8536,158.9228,0.0599,-5.1467,Energetic
0.7475,0.8014,0.8473,151.76,0.138,-2.265,Energetic
0.7505,0.7085,0.7924,111.4323,0.2267,-4.9584,Happy
0.4929,0.8756,0.7375,148.6605,0.1586,-3.5146,Energetic
0.0929,0.4484,0.6,74.0328,0.456,-9.9538,Sad
0.1708,0.2616,0.2865,68.162,0.6833,-11.8643,Sad
0.436,0.2667,0.4132,81.2237,0.705,-16.8104,Calm
0.5091,0.0721,0.3841,70.8162,0.7519,-14.8111,Calm
0.2871,0.2458,0.3413,86.3336,0.766,-17.224,Calm
0.5897,0.8586,0.6724,143.7697,0.0,-2.8421,Energetic
0.7858,0.8126,0.7938,134.9702,0.0953,-4.2987,Happy
0.6581,0.8702,0.8029,112.7522,0.2149,-5.6696,Happy
0.5488,0.2124,0.3116,96.6421,0.5851,-12.803,Calm
0.8238,0.6378,0.6664,100.7954,0.1621,-5.055,Happy
0.5752,0.2641,0.3163,102.7105,0.6878,-16.5618,Calm
0.677,0.7839,0.5656,124.8204,0.2307,-5.4469,Happy
0.0817,0.5,0.2161,74.2588,0.6851,-10.4821,Sad
0.7781,0.803,0.7591,128.2508,0.0474,-4.3617,Happy
0.2332,0.5,0.327,79.7256,0.8073,-15.8779,Sad
0.2506,0.3462,0.281,68.3109,0.764,-14.4085,Sad
0.3122,0.1503,0.3461,75.8644,0.8415,-5.0891,Sad
0.4227,0.191,0.4417,82.2639,0.8465,-13.5858,Calm
0.6255,0.91,0.9696,139.1391,0.0576,-3.4228,Energetic
0.256,0.344,0.4205,66.374,0.4925,-10.4918,Sad
0.8313,0.789,0.6287,118.654,0.2169,-3.5263,Happy
0.5775,0.8505,0.9446,118.5706,0.1705,-5.1654,Happy
0.5038,0.2047,0.5579,70.5069,0.3814,-13.2913,Calm
0.3689,0.3085,0.3457,84.2185,0.9922,-10.5114,Sad
0.1694,0.3007,0.4193,80.7533,0.6127,-14.1848,Sad
0.7427,0.6118,0.7459,123.5818,0.3562,-4.5977,Happy
0.6988,0.9023,0.8695,132.9303,0.1247,-2.1651,Energetic
0.6727,0.7701,0.7267,156.0512,0.2057,-4.336,Happy
0.5505,0.9794,0.832,143.6464,0.1547,-2.0866,Energetic
0.4198,0.1206,0.3843,97.4462,0.8308,-11.5979,Calm
0.4161,1.0,0.6106,123.5709,0.1268,-1.7825,Energetic
0.2609,0.4549,0.4326,79.1081,0.6756,-12.4469,Sad
0.5872,0.8738,0.7163,138.4127,0.2034,-5.3979,Energetic
0.6807,0.669,0.7649,126.6071,0.4006,-6.5039,Happy
0.5605,0.1848,0.4822,69.5874,0.8573,-14.1053,Calm
0.3874,0.3364,0.4035,68.8416,0.4053,-5.8411,Sad
0.3848,0.8539,0.8109,139.4316,0.0591,-3.5206,Energetic
0.7631,0.6848,0.901,132.8012,0.2445,-3.897,Happy
0.3469,0.2415,0.4738,94.7112,0.5381,-14.8936,Calm
0.8061,0.9109,0.6484,90.0,0.2537,-4.0216,Happy
0.8287,0.7235,0.7122,90.0,0.2579,-5.2361,Happy
0.35,0.9361,0.7098,146.3798,0.0885,-1.0841,Energetic
0.2166,0.2809,0.4468,107.3164,0.7783,-10.2907,Sad
0.49,0.8813,0.6526,164.526,0.0178,-2.7011,Energetic
0.544,0.2823,0.3368,75.3708,0.6346,-10.0704,Calm
0.1917,0.4534,0.2133,71.8937,0.9412,-11.845,Sad
0.4206,0.2715,0.4148,75.1382,0.863,-18.8765,Calm
0.4266,0.116,0.3222,91.1163,0.8796,-12.8016,Calm
0.5503,0.1785,0.2838,97.7845,0.5704,-12.1003,Calm
0.6562,0.6713,0.6691,104.4014,0.1243,-5.4825,Happy
0.8323,0.8175,0.5988,126.6002,0.1196,-5.9321,Happy
0.6566,0.8879,0.8146,125.5602,0.0,-1.4333,Energetic
0.3159,0.3535,0.4397,69.5998,0.7851,-10.4993,Sad
0.5057,0.2814,0.5019,66.4786,0.6716,-16.793,Calm
0.8469,0.7692,0.8159,90.0,0.4493,-10.8427,Happy
0.6853,0.7704,0.8577,110.7594,0.0103,-1.5339,Energetic
0.2765,0.2371,0.3963,89.677,0.7498,-9.1248,Sad
0.3803,0.8546,0.5128,150.3915,0.2103,-5.941,Energetic
0.7385,0.607,0.7675,140.6356,0.3173,-5.3376,Happy
0.5587,0.8014,0.5875,143.6618,0.2895,-8.7331,Happy
0.1609,0.2487,0.3771,50.0,0.8058,-10.7507,Sad
0.5011,0.8411,0.7744,125.6183,0.1406,-0.9425,Energetic
0.2924,0.2733,0.3455,59.4466,0.8328,-11.7656,Sad
0.8322,0.7814,0.6965,100.5798,0.1973,-6.9986,Happy
0.5263,0.9233,0.6143,147.7831,0.1399,-5.1077,Energetic
0.8966,0.7297,0.621,136.1045,0.0812,-2.5579,Happy
0.631,0.9176,0.7664,138.4929,0.0,-3.2486,Energetic
0.3949,0.2925,0.3614,81.634,0.7034,-15.1565,Calm
0.5366,0.8802,0.527,139.2518,0.2003,-3.5099,Energetic
0.289,0.1478,0.4097,68.6523,0.5143,-18.5698,Sad
0.75,0.3281,0.3638,83.404,0.7614,-15.451,Calm
0.8982,0.9187,0.7042,155.3227,0.0383,-3.7379,Energetic
0.4667,0.2235,0.5026,66.4608,0.9304,-8.5817,Calm
0.5985,0.8082,0.5339,117.0548,0.1247,-5.5178,Happy
0.6964,0.1458,0.3229,98.1818,0.8165,-13.9267,Calm
0.5733,0.9052,0.6707,159.6529,0.1483,-1.1487,Energetic
0.0892,0.2679,0.4152,68.576,0.8275,-8.3375,Sad
0.6972,0.3038,0.2271,74.3675,0.7087,-16.3381,Calm
0.2481,0.1913,0.6,74.6273,0.4997,-14.151,Sad
0.4325,0.9169,0.6343,117.5411,0.1567,-6.264,Energetic
0.6214,1.0,0.5918,139.4817,0.0,-6.1176,Energetic
0.9622,0.8368,0.6363,110.4156,0.2241,-6.3082,Happy
0.7274,0.7795,0.7471,104.6023,0.231,-3.8358,Happy
0.2723,0.3199,0.4424,77.3293,0.697,-15.515,Sad
0.7699,0.7436,0.6482,94.6056,0.1879,-6.2235,Happy
0.6679,0.1666,0.55,82.1767,0.9725,-19.2629,Calm
0.278,0.4533,0.436,70.7769,0.6965,-13.6918,Sad
0.6616,0.897,0.8347,138.0701,0.0,-0.8358,Energetic
0.2593,0.3244,0.419,81.6977,0.6836,-8.31,Sad
0.5336,0.9538,0.7723,140.5335,0.2162,-1.5517,Energetic
0.5949,0.6017,0.7196,116.1394,0.3531,-4.0305,Happy
0.6189,0.8688,0.8784,125.3779,0.0824,-5.2512,Energetic
0.5572,0.2566,0.588,94.6846,0.7836,-14.1338,Calm
0.7829,0.9076,0.6625,133.1604,0.2508,-5.7341,Happy
0.3208,0.3438,0.4065,89.7705,0.3,-9.2587,Sad
0.2303,0.1221,0.2504,64.937,0.5915,-13.2355,Sad
0.6591,0.8955,0.529,111.3945,0.253,-7.8766,Happy
0.4562,0.3077,0.4591,94.4098,0.5498,-11.6061,Calm
0.2909,0.3305,0.3851,89.5771,0.9099,-19.1481,Calm
0.4111,0.1727,0.4291,91.9471,0.7663,-14.223,Calm
0.5458,0.8809,0.8689,120.95,0.0756,-3.0925,Energetic
0.5393,0.3038,0.2574,80.9283,0.4757,-13.9308,Calm
